dataset,winter_year,n_days_analysis_window,first_analysis_date,last_analysis_date,max_1d_mean_demand_MW,max_1d_window_start,max_1d_window_end,max_7d_mean_demand_MW,max_7d_window_start,max_7d_window_end,max_14d_mean_demand_MW,max_14d_window_start,max_14d_window_end,max_21d_mean_demand_MW,max_21d_window_start,max_21d_window_end,max_28d_mean_demand_MW,max_28d_window_start,max_28d_window_end,max_35d_mean_demand_MW,max_35d_window_start,max_35d_window_end,max_42d_mean_demand_MW,max_42d_window_start,max_42d_window_end,max_49d_mean_demand_MW,max_49d_window_start,max_49d_window_end,max_56d_mean_demand_MW,max_56d_window_start,max_56d_window_end,max_63d_mean_demand_MW,max_63d_window_start,max_63d_window_end,max_70d_mean_demand_MW,max_70d_window_start,max_70d_window_end,max_77d_mean_demand_MW,max_77d_window_start,max_77d_window_end,max_84d_mean_demand_MW,max_84d_window_start,max_84d_window_end
Hannah,1951,144,1950-11-08,1951-03-31,42718.6090399,1951-01-02,1951-01-02,41008.649912175,1950-12-28,1951-01-03,40758.31491820786,1950-12-21,1951-01-03,40710.54947580262,1950-12-14,1951-01-03,40337.03333370697,1950-12-11,1951-01-07,40120.41967209329,1950-12-03,1951-01-06,39846.77156573596,1950-12-03,1951-01-13,39610.00536359869,1950-11-29,1951-01-16,39406.94944753948,1950-11-24,1951-01-18,39291.3098003475,1950-12-04,1951-02-04,39204.534532047735,1950-12-02,1951-02-09,39124.603136048696,1950-12-02,1951-02-16,39039.12235904093,1950-11-25,1951-02-16
Hannah,1952,145,1951-11-08,1952-03-31,42162.675531704,1952-01-28,1952-01-28,40737.01248504586,1952-01-25,1952-01-31,40233.60079853435,1952-01-20,1952-02-02,39954.52466047114,1952-01-16,1952-02-05,39707.456399349474,1952-01-17,1952-02-13,39487.368109011804,1952-01-13,1952-02-16,39232.81055491972,1952-01-09,1952-02-19,39119.11221417008,1951-12-30,1952-02-16,38982.39664940225,1951-12-26,1952-02-19,38758.887260531264,1951-12-25,1952-02-25,38636.955733789946,1951-12-10,1952-02-17,38536.64282805976,1951-12-06,1952-02-20,38414.96028756775,1951-12-07,1952-02-28
Hannah,1953,144,1952-11-08,1953-03-31,41991.54093115601,1952-11-25,1952-11-25,40259.14846067957,1952-11-29,1952-12-05,40184.01551543122,1952-11-24,1952-12-07,39846.58609267491,1952-11-18,1952-12-08,39667.508297081964,1952-11-21,1952-12-18,39484.775067882685,1952-11-16,1952-12-20,39336.42213667957,1952-11-28,1953-01-08,39391.20078270788,1952-11-22,1953-01-09,39319.153746696495,1952-11-16,1953-01-10,39203.96830479562,1952-11-14,1953-01-15,39146.780070331166,1952-11-17,1953-01-25,39034.70637345435,1952-11-12,1953-01-27,39060.817032507155,1952-11-24,1953-02-15
Hannah,1954,144,1953-11-08,1954-03-31,44116.249070486,1954-02-02,1954-02-02,42062.17786460986,1954-01-31,1954-02-06,41547.152551133644,1954-01-27,1954-02-09,40738.60021731238,1954-01-23,1954-02-12,39931.38819177454,1954-01-22,1954-02-18,39625.11491112711,1954-01-06,1954-02-09,39522.16387196434,1954-01-01,1954-02-11,39302.49631181143,1953-12-26,1954-02-12,39087.67170680854,1953-12-24,1954-02-17,38887.77653984661,1953-12-31,1954-03-03,38793.165624397014,1953-12-27,1954-03-06,38652.40169567167,1953-12-21,1954-03-07,38473.39624296582,1953-12-15,1954-03-08
Hannah,1955,144,1954-11-08,1955-03-31,43305.537901560005,1955-01-19,1955-01-19,41252.81904780729,1955-01-14,1955-01-20,40587.856939066005,1955-01-07,1955-01-20,40159.07513429219,1955-01-03,1955-01-23,39820.572572710436,1955-02-11,1955-03-10,39454.72075530854,1955-02-08,1955-03-14,39106.11104109546,1955-02-09,1955-03-22,39214.58904236027,1955-01-11,1955-02-28,39261.25471953293,1955-01-04,1955-02-28,39265.64383396126,1955-01-04,1955-03-07,39216.78061105147,1955-01-03,1955-03-13,39053.37618954404,1955-01-01,1955-03-18,38892.17722162062,1954-12-30,1955-03-23
Hannah,1956,145,1955-11-08,1956-03-31,43230.542378886,1956-02-02,1956-02-02,41524.260829091574,1956-02-19,1956-02-25,41083.00666853179,1956-02-14,1956-02-27,40589.478991924814,1956-02-07,1956-02-27,40528.790285685216,1956-01-31,1956-02-27,40021.6150739476,1956-01-24,1956-02-27,39759.33956240927,1956-01-17,1956-02-27,39696.02271382696,1956-01-09,1956-02-26,39617.56256134301,1956-01-04,1956-02-28,39380.154066491035,1955-12-30,1956-03-01,39233.9023147153,1955-12-20,1956-02-27,39125.09470633849,1955-12-16,1956-03-01,38979.27645808919,1955-12-09,1956-03-01
Hannah,1957,144,1956-11-08,1957-03-31,42241.07541808001,1956-12-25,1956-12-25,39845.58363210057,1956-12-22,1956-12-28,39141.395012876004,1956-12-20,1957-01-02,38371.35531060948,1956-12-13,1957-01-02,38286.42080208168,1956-12-24,1957-01-20,38303.108311171854,1956-12-21,1957-01-24,38156.18825159041,1956-12-19,1957-01-29,37953.37702685457,1956-12-13,1957-01-30,37716.633824632336,1956-12-10,1957-02-03,37723.442523918966,1956-12-21,1957-02-21,37715.46640166629,1956-12-19,1957-02-26,37631.147872550864,1956-12-13,1957-02-27,37510.85379174717,1956-12-12,1957-03-05
Hannah,1958,144,1957-11-08,1958-03-31,42480.162863995,1958-01-22,1958-01-22,40434.47075670343,1958-01-19,1958-01-25,39361.20118346357,1958-01-12,1958-01-25,39041.60670556576,1958-01-06,1958-01-26,38827.91349807269,1957-12-30,1958-01-26,38560.20254967157,1957-12-29,1958-02-01,38563.83756621488,1957-12-15,1958-01-25,38572.6333251638,1957-12-09,1958-01-26,38543.07751335321,1957-12-02,1958-01-26,38432.59454459573,1957-12-01,1958-02-01,38400.35954968111,1957-12-02,1958-02-09,38271.996938866534,1957-11-29,1958-02-13,38175.258025254334,1957-11-22,1958-02-13
Hannah,1959,144,1958-11-08,1959-03-31,43661.43428312701,1959-01-14,1959-01-14,41740.60866290201,1959-01-10,1959-01-16,40919.93277068243,1959-01-04,1959-01-17,40138.812691294144,1959-01-07,1959-01-27,39989.59426151596,1959-01-07,1959-02-03,39891.11807806283,1959-01-06,1959-02-09,39735.49130805955,1959-01-03,1959-02-13,39455.435348337516,1959-01-01,1959-02-18,39184.326320245615,1958-12-24,1959-02-17,39052.11659363632,1958-12-13,1959-02-13,39030.09167258686,1958-12-06,1959-02-13,38946.434679240534,1958-12-01,1959-02-15,38823.405699451025,1958-11-29,1959-02-20
Hannah,1960,145,1959-11-08,1960-03-31,42754.20812814,1960-01-14,1960-01-14,40318.71371940386,1960-01-12,1960-01-18,39808.27450161722,1960-01-08,1960-01-21,38954.781384129856,1960-01-07,1960-01-27,38583.49180417375,1960-01-06,1960-02-02,38465.98750308103,1960-01-13,1960-02-16,38688.353239483644,1960-01-09,1960-02-19,38682.69934763082,1960-01-07,1960-02-24,38434.14321108828,1960-01-02,1960-02-26,38293.862317698695,1959-12-24,1960-02-24,38219.011855608886,1959-12-17,1960-02-24,38171.805066691064,1959-12-10,1960-02-24,38142.806093790765,1959-12-03,1960-02-24
Hannah,1961,144,1960-11-08,1961-03-31,41495.71212745,1961-01-26,1961-01-26,39532.32431216129,1960-12-10,1960-12-16,39068.212478592,1960-12-09,1960-12-22,38900.74214260614,1960-12-09,1960-12-29,38876.20976880793,1960-12-11,1961-01-07,38868.35570846471,1960-12-09,1961-01-12,38856.65017771898,1960-12-10,1961-01-20,38876.64969885668,1960-12-10,1961-01-27,38783.998001869455,1960-12-08,1961-02-01,38647.751189051196,1960-12-07,1961-02-07,38438.40888520808,1960-12-01,1961-02-08,38222.03629872841,1960-11-27,1961-02-11,38058.36656850423,1960-11-16,1961-02-07
Hannah,1962,144,1961-11-08,1962-03-31,43731.023874107006,1962-01-02,1962-01-02,41688.283769053574,1961-12-28,1962-01-03,41376.43977613508,1961-12-23,1962-01-05,40701.128040085336,1961-12-18,1962-01-07,40189.5746322604,1961-12-18,1962-01-14,39752.706981070456,1961-12-17,1962-01-20,39283.479334368145,1961-12-14,1962-01-24,39116.02250316212,1961-12-17,1962-02-03,38904.01235951269,1961-11-25,1962-01-19,38752.10861684943,1961-12-17,1962-02-17,38677.59812234012,1961-12-20,1962-02-27,38786.48299295186,1961-12-21,1962-03-07,38777.210572477445,1961-12-17,1962-03-10
Hannah,1963,144,1962-11-08,1963-03-31,46147.455915087005,1963-01-23,1963-01-23,43827.162538873716,1963-01-19,1963-01-25,43673.267362967854,1963-01-12,1963-01-25,43069.93452399095,1963-01-07,1963-01-27,42786.55990324032,1963-01-10,1963-02-06,42484.344036907976,1963-01-03,1963-02-06,42387.80281575353,1962-12-27,1963-02-06,42170.705717262696,1962-12-24,1963-02-10,42011.842770415715,1962-12-27,1963-02-20,41944.68566180889,1962-12-27,1963-02-27,41818.046216222305,1962-12-23,1963-03-02,41535.38106587904,1962-12-18,1963-03-04,41261.74794180982,1962-12-11,1963-03-04
Hannah,1964,145,1963-11-08,1964-03-31,43900.278185353,1963-12-24,1963-12-24,41320.37821138414,1963-12-19,1963-12-25,40611.875431699285,1963-12-14,1963-12-27,40096.55474024948,1963-12-09,1963-12-29,39602.97121298129,1963-12-08,1964-01-04,39614.39575494997,1963-12-15,1964-01-18,39574.46384659548,1963-12-09,1964-01-19,39471.170443970186,1963-12-09,1964-01-26,39316.241484209124,1963-12-06,1964-01-30,39114.59481193925,1963-11-30,1964-01-31,39054.17827716101,1963-12-14,1964-02-21,39067.53184133007,1963-12-08,1964-02-22,38965.901505905305,1963-12-03,1964-02-24
Hannah,1965,144,1964-11-08,1965-03-31,43389.128846768006,1964-12-28,1964-12-28,40869.34242950357,1964-12-25,1964-12-31,40453.53911365914,1964-12-23,1965-01-05,40109.66619774962,1964-12-16,1965-01-05,39630.773426286316,1964-12-14,1965-01-10,39330.969118907546,1964-12-18,1965-01-21,39417.436465653765,1964-12-24,1965-02-03,39429.66822102884,1964-12-18,1965-02-04,39319.548428168644,1964-12-15,1965-02-08,39174.59084199428,1964-12-15,1965-02-15,39095.21177701077,1964-12-15,1965-02-22,39144.47216234078,1964-12-21,1965-03-07,39147.22295549396,1964-12-15,1965-03-08
Hannah,1966,144,1965-11-08,1966-03-31,44312.03198138701,1966-01-19,1966-01-19,41664.14585876286,1966-01-14,1966-01-20,41036.69533360943,1966-01-10,1966-01-23,40316.55310217219,1966-01-06,1966-01-26,40045.828431164075,1965-12-27,1966-01-23,39758.97339686278,1965-12-24,1966-01-27,39316.56108660138,1965-12-19,1966-01-29,39078.67670703449,1965-12-08,1966-01-25,39099.390177888716,1965-11-29,1966-01-23,39156.58315158435,1965-11-22,1966-01-23,39140.36598305767,1965-11-16,1966-01-24,39058.41301115655,1965-11-13,1966-01-28,38824.34628298449,1965-11-12,1966-02-03
Hannah,1967,144,1966-11-08,1967-03-31,42055.90785855,1967-01-09,1967-01-09,40187.00884071986,1967-01-04,1967-01-10,39379.702735719286,1967-01-01,1967-01-14,38947.51654584529,1966-12-25,1967-01-14,38604.51106084375,1966-12-24,1967-01-20,38423.27985465291,1966-12-13,1967-01-16,38450.440826823455,1966-12-02,1967-01-12,38445.17362553008,1966-11-28,1967-01-15,38405.53419031742,1966-11-22,1967-01-16,38311.37295115302,1966-11-16,1967-01-17,38191.805837069,1966-11-16,1967-01-24,38065.59296870526,1966-11-09,1967-01-24,37905.38423669054,1966-11-08,1967-01-30
Hannah,1968,145,1967-11-08,1968-03-31,43015.855924365,1968-01-10,1968-01-10,40806.46389440429,1968-01-07,1968-01-13,39901.03103810886,1967-12-31,1968-01-13,39237.803913686046,1967-12-28,1968-01-17,38934.79312846821,1967-12-17,1968-01-13,38874.23359215794,1967-12-10,1968-01-13,38844.03540766359,1967-12-07,1968-01-17,38498.142271047065,1967-12-07,1968-01-24,38363.5035305695,1967-11-23,1968-01-17,38402.568084706814,1967-12-31,1968-03-02,38325.36881567852,1967-12-29,1968-03-07,38323.656654546954,1967-12-17,1968-03-02,38388.057037881146,1967-12-07,1968-02-28
Hannah,1969,144,1968-11-08,1969-03-31,42694.31951912,1969-02-19,1969-02-19,40927.41647461442,1969-02-14,1969-02-20,40604.64686852764,1969-02-07,1969-02-20,40024.34346014438,1969-02-02,1969-02-22,39523.63935592507,1969-02-02,1969-03-01,39255.57020093906,1969-02-01,1969-03-07,38970.22356089036,1969-01-31,1969-03-13,38638.583950782384,1969-01-30,1969-03-19,38589.26704062688,1968-12-27,1969-02-20,38596.801669460685,1968-12-24,1969-02-24,38663.74069806824,1968-12-13,1969-02-20,38664.75261644865,1968-12-08,1969-02-22,38616.01675787618,1968-12-09,1969-03-02
Hannah,1970,144,1969-11-08,1970-03-31,43235.98703705401,1970-01-07,1970-01-07,40772.73757006686,1970-01-03,1970-01-09,40185.17855702407,1969-12-28,1970-01-10,39380.368626683914,1969-12-19,1970-01-08,39263.45032248868,1969-12-15,1970-01-11,39033.88971163951,1969-12-05,1970-01-08,39080.36428412116,1969-11-28,1970-01-08,38998.77474194504,1969-11-24,1970-01-11,38766.32057930131,1969-11-17,1970-01-11,38599.937535443,1969-11-13,1970-01-14,38521.634565565815,1969-12-13,1970-02-20,38529.8268632679,1969-12-04,1970-02-18,38570.886108387815,1969-11-28,1970-02-19
Hannah,1971,144,1970-11-08,1971-03-31,43091.655311244,1971-01-05,1971-01-05,40946.01057152372,1970-12-30,1971-01-05,40565.95347102701,1970-12-24,1971-01-06,39661.42926409958,1970-12-20,1971-01-09,39070.63696195558,1970-12-11,1971-01-07,38709.643085708405,1970-12-08,1971-01-11,38463.944200610356,1970-12-08,1971-01-18,38298.48512270656,1970-12-20,1971-02-06,38179.21474751716,1970-12-09,1971-02-02,38062.867247480324,1970-12-07,1971-02-07,37970.435906083345,1970-12-10,1971-02-17,37936.986676155284,1970-12-21,1971-03-07,37870.708716206114,1970-12-14,1971-03-07
Hannah,1972,145,1971-11-08,1972-03-31,42310.23130789,1972-01-31,1972-01-31,39698.16823598557,1972-01-28,1972-02-03,38865.01636098857,1972-01-24,1972-02-06,38550.32066335943,1972-01-17,1972-02-06,38267.05779161886,1972-01-17,1972-02-13,38314.23352111205,1971-12-30,1972-02-02,38264.34267388229,1971-12-28,1972-02-07,38152.87411676967,1971-12-29,1972-02-15,38057.978904763506,1971-12-28,1972-02-21,37933.64868411835,1971-12-28,1972-02-28,37810.11303243115,1971-12-28,1972-03-06,37725.28196000008,1971-12-28,1972-03-13,37565.62928226843,1971-11-19,1972-02-10
Hannah,1973,144,1972-11-08,1973-03-31,41005.222611077006,1973-01-17,1973-01-17,39368.69501019729,1973-01-16,1973-01-22,38891.54308178479,1973-01-09,1973-01-22,38348.26218094724,1973-01-05,1973-01-25,38143.584479128396,1972-12-26,1973-01-22,38146.5518722714,1972-12-20,1973-01-23,37893.226189755005,1972-12-18,1973-01-28,37722.50985260892,1972-12-07,1973-01-24,37702.56110419357,1972-12-24,1973-02-17,37715.1843074494,1972-12-19,1973-02-19,37730.797846917776,1972-11-14,1973-01-22,37645.664087849844,1972-11-13,1973-01-28,37549.777793761525,1972-11-14,1973-02-05
Hannah,1974,144,1973-11-08,1974-03-31,41282.503184612,1973-11-30,1973-11-30,40084.233284460715,1973-11-26,1973-12-02,38963.0197083655,1973-11-26,1973-12-09,38707.83283042519,1973-11-25,1973-12-15,38505.66637007997,1973-11-25,1973-12-22,38316.87991452434,1973-11-21,1973-12-25,38265.78269990698,1973-11-25,1974-01-05,38158.6374714197,1973-11-25,1974-01-12,38066.03145278308,1973-11-17,1974-01-11,37923.97466062727,1973-11-16,1974-01-17,37756.793246686386,1973-11-16,1974-01-24,37700.058469047704,1973-11-25,1974-02-09,37674.940512048976,1973-11-17,1974-02-08
Hannah,1975,144,1974-11-08,1975-03-31,39958.05704375,1974-12-17,1974-12-17,37727.371122361285,1975-01-18,1975-01-24,37510.27157101979,1975-01-16,1975-01-29,37292.916917317576,1975-01-21,1975-02-10,37287.11904339611,1975-01-18,1975-02-14,37279.03510329623,1975-01-18,1975-02-21,37217.44647078886,1975-01-17,1975-02-27,37098.5644204458,1975-01-12,1975-03-01,36989.19449617134,1975-01-04,1975-02-28,36930.78936687611,1975-01-17,1975-03-20,36864.28193868271,1975-01-12,1975-03-22,36848.77932024187,1974-12-09,1975-02-23,36831.35142770833,1974-12-09,1975-03-02
Hannah,1976,145,1975-11-08,1976-03-31,42152.29066563,1976-01-30,1976-01-30,40457.83093925943,1976-01-29,1976-02-04,39809.414018788215,1976-01-24,1976-02-06,39091.99922437848,1976-01-23,1976-02-12,38820.93642903954,1976-01-23,1976-02-19,38421.38433158812,1976-01-18,1976-02-21,38000.22195871905,1976-01-13,1976-02-23,37763.251849147324,1976-01-03,1976-02-20,37734.588019313465,1975-12-13,1976-02-06,37740.399858154255,1975-12-11,1976-02-11,37765.13171132304,1975-12-12,1976-02-19,37711.387804828104,1975-12-07,1976-02-21,37724.81149421363,1975-11-28,1976-02-19
Hannah,1977,144,1976-11-08,1977-03-31,42388.257924678,1976-12-29,1976-12-29,40155.00381692815,1977-01-12,1977-01-18,39584.51852124865,1976-12-25,1977-01-07,39682.02558056214,1976-12-28,1977-01-17,39559.013037749675,1976-12-24,1977-01-20,39479.93007753586,1976-12-15,1977-01-18,39453.41910377905,1976-12-09,1977-01-19,39444.84549933049,1976-12-03,1977-01-20,39224.29553390899,1976-11-29,1977-01-23,39121.32009660345,1976-12-02,1977-02-02,38960.80452225643,1976-11-29,1977-02-06,38758.70035115218,1976-11-22,1977-02-06,38582.42581815321,1976-11-29,1977-02-20
Hannah,1978,144,1977-11-08,1978-03-31,42283.82546952699,1978-02-15,1978-02-15,40684.681801812854,1978-02-14,1978-02-20,40440.31240067678,1978-02-08,1978-02-21,39619.78587718733,1978-02-01,1978-02-21,39405.52591953683,1978-01-25,1978-02-21,39407.33365718537,1978-01-17,1978-02-20,39335.21305921288,1978-01-11,1978-02-21,39156.5148455311,1978-01-04,1978-02-21,38967.84789962034,1977-12-29,1978-02-22,38725.329957140195,1977-12-24,1978-02-24,38509.3667942507,1977-12-17,1978-02-24,38290.92919258651,1977-12-07,1978-02-21,38357.9821736191,1977-11-30,1978-02-21
Hannah,1979,144,1978-11-08,1979-03-31,43519.836988530005,1979-01-04,1979-01-04,41721.45770360914,1978-12-31,1979-01-06,40893.04650326529,1978-12-31,1979-01-13,40568.10635832966,1978-12-31,1979-01-20,40608.569976526145,1979-01-01,1979-01-28,40540.85397704426,1978-12-31,1979-02-03,40418.31073094638,1978-12-31,1979-02-10,40410.70887398335,1978-12-31,1979-02-17,40275.4471355074,1978-12-30,1979-02-23,40093.45912473283,1978-12-19,1979-02-19,39979.74669756708,1978-12-18,1979-02-25,39785.10642305293,1978-12-16,1979-03-02,39603.0675152645,1978-11-29,1979-02-20
Hannah,1980,145,1979-11-08,1980-03-31,42519.753723129,1980-01-02,1980-01-02,40247.18517435243,1980-01-13,1980-01-19,39780.30609009493,1980-01-09,1980-01-22,39646.46913065171,1979-12-31,1980-01-20,39555.803325645036,1979-12-25,1980-01-21,39479.1994441712,1979-12-20,1980-01-23,39360.59812499655,1979-12-19,1980-01-29,39192.65370393547,1979-12-18,1980-02-04,38968.132174017395,1979-12-14,1980-02-07,38653.15776794866,1979-12-11,1980-02-11,38364.833942608006,1979-12-11,1980-02-18,38192.0427269023,1979-12-14,1980-02-28,38040.162188551585,1979-12-14,1980-03-06
Hannah,1981,144,1980-11-08,1981-03-31,41482.62860179,1981-01-13,1981-01-13,39433.59965739229,1981-01-10,1981-01-16,39180.64235643058,1981-02-14,1981-02-27,38704.5713330491,1981-02-10,1981-03-02,38258.25882877265,1981-02-01,1981-02-28,38091.20042376597,1981-01-30,1981-03-05,37931.251993462116,1980-12-06,1981-01-16,38090.2260147398,1981-01-10,1981-02-27,38095.73152386455,1980-11-27,1981-01-21,38005.30332185909,1981-01-01,1981-03-04,37948.29531184791,1980-12-25,1981-03-04,37906.97719192587,1980-12-18,1981-03-04,37898.791200546584,1980-12-06,1981-02-27
Hannah,1982,144,1981-11-08,1982-03-31,45500.350776307,1982-01-14,1982-01-14,42840.99064684972,1982-01-09,1982-01-15,41944.32035244779,1981-12-12,1981-12-25,41500.656798632146,1981-12-09,1981-12-29,40768.39843974633,1981-12-06,1982-01-02,41004.759694527864,1981-12-12,1982-01-15,40865.508703468644,1981-12-08,1982-01-18,40448.15349894818,1981-12-05,1982-01-22,40063.65218669068,1981-12-04,1982-01-28,39747.60537522378,1981-11-28,1982-01-29,39399.5834775554,1981-11-24,1982-02-01,39121.81682433666,1981-11-24,1982-02-08,39037.1427571762,1981-12-05,1982-02-26
Hannah,1983,144,1982-11-08,1983-03-31,41632.70090262,1983-02-10,1983-02-10,39986.86566801,1983-02-09,1983-02-15,39790.21322171129,1983-02-07,1983-02-20,39547.9574378281,1983-02-03,1983-02-23,39055.29397116908,1983-01-30,1983-02-26,38612.15213996337,1983-01-22,1983-02-25,38440.31806076917,1983-01-18,1983-02-28,38197.04802584375,1983-01-12,1983-03-01,38004.87660993304,1983-01-06,1983-03-02,37935.73150169641,1982-12-22,1983-02-22,38038.9256583976,1982-12-16,1983-02-23,38073.696785037144,1982-12-10,1983-02-24,38099.80964046627,1982-12-02,1983-02-23
Hannah,1984,145,1983-11-08,1984-03-31,41921.512810961,1984-01-25,1984-01-25,40068.52392962914,1984-01-20,1984-01-26,39471.21650402186,1984-01-14,1984-01-27,39066.79648688267,1984-01-12,1984-02-01,38774.509254547935,1984-01-03,1984-01-30,38535.950076371286,1984-01-03,1984-02-06,38471.442855555644,1984-01-12,1984-02-22,38417.811750370696,1984-01-08,1984-02-25,38359.20995134879,1984-01-03,1984-02-27,38232.77902785828,1984-01-01,1984-03-03,38016.70478852381,1983-12-26,1984-03-04,38003.43162088494,1983-12-06,1984-02-20,38012.502796696775,1983-12-06,1984-02-27
Hannah,1985,144,1984-11-08,1985-03-31,44025.334978905004,1985-01-17,1985-01-17,41615.65756647886,1985-02-11,1985-02-17,41248.87239529272,1985-01-07,1985-01-20,40842.56804213667,1985-01-04,1985-01-24,40453.5848770345,1985-01-01,1985-01-28,40045.91297008806,1984-12-25,1985-01-28,39749.06208137683,1985-01-07,1985-02-17,39816.36978074847,1985-01-02,1985-02-19,39684.86543717207,1984-12-27,1985-02-20,39497.126374171494,1984-12-24,1985-02-24,39309.5704383169,1984-12-15,1985-02-22,39149.357703976246,1984-12-11,1985-02-25,38934.84753627207,1984-12-08,1985-03-01
Hannah,1986,144,1985-11-08,1986-03-31,43293.18104852,1986-02-26,1986-02-26,41270.236236829856,1986-02-10,1986-02-16,41038.71197251265,1986-02-10,1986-02-23,41059.22149308824,1986-02-09,1986-03-01,40841.10154956886,1986-02-04,1986-03-03,40579.25112509848,1986-01-28,1986-03-03,40251.423841321644,1986-01-22,1986-03-04,39880.51463651561,1986-01-15,1986-03-04,39765.55468800168,1986-01-07,1986-03-03,39801.11081617471,1985-12-29,1986-03-01,39725.96112333677,1985-12-26,1986-03-05,39464.489687020796,1985-12-23,1986-03-09,39196.528648543914,1985-12-21,1986-03-14
Hannah,1987,144,1986-11-08,1987-03-31,45229.001369803,1987-01-13,1987-01-13,42695.886569172006,1987-01-11,1987-01-17,41539.05199224393,1987-01-07,1987-01-20,40463.6858715481,1987-01-06,1987-01-26,40234.82865431918,1987-01-06,1987-02-02,39759.00531965689,1987-01-02,1987-02-05,39417.430944346524,1986-12-22,1987-02-01,39293.03290276635,1986-12-16,1987-02-02,39123.62788852076,1987-01-02,1987-02-26,38956.57968647215,1986-12-21,1987-02-21,38916.79820043327,1986-12-18,1987-02-25,38833.59839964609,1986-12-12,1987-02-26,38661.50049185144,1986-12-19,1987-03-12
Hannah,1988,145,1987-11-08,1988-03-31,41334.281902416995,1987-12-09,1987-12-09,39608.24639516285,1987-12-09,1987-12-15,39146.416871275644,1987-12-02,1987-12-15,38822.09158345791,1987-11-25,1987-12-15,38272.16452317572,1987-11-22,1987-12-19,37835.72982641874,1988-01-10,1988-02-13,37689.81959303994,1988-01-06,1988-02-16,37616.784947546,1988-01-17,1988-03-05,37592.27641997627,1988-01-11,1988-03-06,37527.53978571434,1988-01-05,1988-03-07,37496.31374646265,1987-11-26,1988-02-03,37564.96513903092,1987-11-28,1988-02-12,37548.58358246339,1987-11-23,1988-02-14
Hannah,1989,144,1988-11-08,1989-03-31,40501.866140139,1988-11-22,1988-11-22,38789.850045125866,1988-11-21,1988-11-27,38126.9235343545,1988-11-20,1988-12-03,37800.57188249366,1988-11-18,1988-12-08,37323.448331689215,1988-11-15,1988-12-12,37135.22277187715,1988-11-19,1988-12-23,36906.63046360524,1988-11-13,1988-12-24,36798.67733961388,1989-01-11,1989-02-28,36758.41600111593,1988-11-19,1989-01-13,36780.05072869389,1988-11-20,1989-01-21,36816.92911605753,1988-11-19,1989-01-27,36827.00740647844,1988-11-19,1989-02-03,36754.31740245855,1988-11-14,1989-02-05
Hannah,1990,144,1989-11-08,1990-03-31,40521.907945228,1989-11-30,1989-11-30,38938.35148112129,1989-11-28,1989-12-04,38578.37913891665,1989-11-26,1989-12-09,38462.006151082525,1989-11-25,1989-12-15,38194.009948249724,1989-11-22,1989-12-19,37879.205542284064,1989-11-23,1989-12-27,37894.01243383612,1989-11-24,1990-01-04,37764.45939641984,1989-11-22,1990-01-09,37579.025565191754,1989-11-23,1990-01-17,37460.13115551248,1989-11-23,1990-01-24,37455.35712099659,1989-11-23,1990-01-31,37372.11966158144,1989-11-22,1990-02-06,37303.64265996438,1989-11-24,1990-02-15
Hannah,1991,144,1990-11-08,1991-03-31,43583.552672294005,1991-02-07,1991-02-07,41676.403014774434,1991-02-06,1991-02-12,40937.97729838658,1991-02-01,1991-02-14,40403.93979907281,1991-01-28,1991-02-17,39988.01643036825,1991-01-24,1991-02-20,39735.091951314,1991-01-13,1991-02-16,39545.67522231729,1991-01-09,1991-02-19,39359.48260137511,1991-01-03,1991-02-20,39169.534605164714,1990-12-27,1991-02-20,39016.65803899491,1990-12-17,1991-02-17,39023.19944595974,1990-12-12,1991-02-19,38996.61516498745,1990-12-05,1991-02-19,38879.68570789079,1990-12-01,1991-02-22
Hannah,1992,145,1991-11-08,1992-03-31,42806.583875506,1991-12-11,1991-12-11,40367.13510476014,1991-12-09,1991-12-15,39559.23238783929,1992-01-21,1992-02-03,39069.373375001865,1992-01-14,1992-02-03,38691.939148449106,1992-01-09,1992-02-05,38247.19679272709,1992-01-07,1992-02-10,38089.06898076574,1992-01-10,1992-02-20,38022.58458784356,1991-12-10,1992-01-27,38210.724133655436,1991-12-08,1992-02-01,38163.87084676408,1991-12-04,1992-02-04,38006.2112266327,1991-12-03,1992-02-10,37937.08009347152,1991-12-06,1992-02-20,37848.90607728379,1991-12-04,1992-02-25
Hannah,1993,144,1992-11-08,1993-03-31,42356.168571815,1992-12-29,1992-12-29,40402.169030095145,1992-12-28,1993-01-03,40124.891652841856,1992-12-22,1993-01-04,39548.11734944495,1992-12-19,1993-01-08,39041.95452765368,1992-12-17,1993-01-13,38629.44490795649,1992-12-09,1993-01-12,38455.87946869136,1992-12-04,1993-01-14,38215.39298609784,1992-12-02,1993-01-19,38036.74191521646,1992-12-03,1993-01-27,37890.978795788644,1992-12-05,1993-02-05,37766.93595021076,1992-11-28,1993-02-05,37750.7787296467,1992-12-19,1993-03-05,37686.51742276937,1992-12-12,1993-03-05
Hannah,1994,144,1993-11-08,1994-03-31,42236.99508827001,1993-11-23,1993-11-23,39726.66215629586,1993-11-23,1993-11-29,39318.45245589608,1993-11-17,1993-11-30,38613.510232239954,1993-12-20,1994-01-09,38384.9918165905,1993-12-23,1994-01-19,38230.11397541997,1993-12-14,1994-01-17,38255.62704804357,1993-11-20,1993-12-31,38289.186045772556,1993-11-20,1994-01-07,38273.858559038825,1993-11-17,1994-01-11,38225.70910260959,1993-11-18,1994-01-19,38139.37706641879,1993-11-15,1994-01-23,38059.884185768395,1993-12-11,1994-02-25,37980.0007462555,1993-11-17,1994-02-08
Hannah,1995,144,1994-11-08,1995-03-31,41156.269876835,1995-01-03,1995-01-03,39059.215994082,1995-01-01,1995-01-07,38454.55195507357,1994-12-22,1995-01-04,38442.52295604724,1994-12-19,1995-01-08,38228.37429107764,1994-12-18,1995-01-14,38125.68541085786,1994-12-20,1995-01-23,38070.776789955,1994-12-20,1995-01-30,37921.260912948776,1994-12-14,1995-01-31,37680.50516729713,1994-12-14,1995-02-07,37542.10896917598,1994-12-14,1995-02-14,37418.75925859751,1994-12-19,1995-02-26,37396.132697618224,1994-12-19,1995-03-05,37382.24200781685,1994-12-15,1995-03-08
Hannah,1996,145,1995-11-08,1996-03-31,43289.93215904,1995-12-28,1995-12-28,41284.30902950386,1995-12-25,1995-12-31,40463.18201694236,1996-01-25,1996-02-07,40017.97516826072,1996-01-21,1996-02-10,39525.27244560603,1995-12-07,1996-01-03,39277.23816473286,1996-01-20,1996-02-23,38962.90451041279,1996-01-20,1996-03-01,38973.781077951695,1995-12-24,1996-02-10,38917.64375133333,1995-12-20,1996-02-13,38943.97129025457,1995-12-09,1996-02-09,38910.99617172066,1995-12-06,1996-02-13,38837.99321710073,1995-12-07,1996-02-21,38768.94060265486,1995-12-05,1996-02-26
Hannah,1997,144,1996-11-08,1997-03-31,43331.97092150599,1997-01-01,1997-01-01,41218.876297261995,1996-12-31,1997-01-06,40935.507045225146,1996-12-28,1997-01-10,40534.463977011095,1996-12-22,1997-01-11,40018.00098057675,1996-12-20,1997-01-16,39610.96258294881,1996-12-20,1997-01-23,39377.89544499741,1996-12-06,1997-01-16,39180.660720354186,1996-12-05,1997-01-22,39093.80819365425,1996-11-18,1997-01-12,38986.802300860116,1996-11-18,1997-01-19,38893.680577586274,1996-11-18,1997-01-26,38808.169796962706,1996-11-19,1997-02-03,38678.71027892829,1996-11-13,1997-02-04
Hannah,1998,144,1997-11-08,1998-03-31,40979.509560536,1997-12-17,1997-12-17,38768.55048270828,1998-01-23,1998-01-29,38630.652302695074,1998-01-22,1998-02-04,38313.61307644896,1998-01-19,1998-02-08,37786.16275453225,1998-01-14,1998-02-10,37565.96523147277,1998-01-01,1998-02-04,37488.78686773981,1997-12-28,1998-02-07,37389.746554202204,1997-12-17,1998-02-03,37422.65250763172,1997-12-15,1998-02-08,37322.61139549196,1997-12-03,1998-02-03,37352.86455188324,1997-12-01,1998-02-08,37204.1829664429,1997-11-25,1998-02-09,37044.33198327808,1997-11-21,1998-02-12
Hannah,1999,144,1998-11-08,1999-03-31,40846.260318443005,1999-01-12,1999-01-12,38748.92719099572,1998-12-02,1998-12-08,37925.810625812286,1999-01-09,1999-01-22,37901.755230636765,1998-11-17,1998-12-07,37702.876358501926,1998-11-14,1998-12-11,37511.172733241,1999-01-10,1999-02-13,37511.34498317138,1999-01-07,1999-02-17,37416.00091816645,1998-12-01,1999-01-18,37407.02707103699,1998-12-21,1999-02-14,37436.54364053599,1998-11-16,1999-01-17,37387.60382173993,1998-11-16,1999-01-24,37350.80239376473,1998-12-02,1999-02-16,37326.51868055422,1998-11-22,1999-02-13
Hannah,2000,145,1999-11-08,2000-03-31,41810.89199808501,1999-12-20,1999-12-20,39275.516214676005,1999-12-15,1999-12-21,38773.64063792228,1999-12-14,1999-12-27,38467.442825876475,1999-12-13,2000-01-02,38172.47020244043,1999-12-14,2000-01-10,38114.786755379886,1999-12-13,2000-01-16,38121.604285245834,1999-12-18,2000-01-28,38100.531347588534,1999-12-12,2000-01-29,37969.91466815133,1999-12-04,2000-01-28,37798.28442471865,1999-12-02,2000-02-02,37630.92946636886,1999-11-20,2000-01-28,37576.83524208403,1999-11-16,2000-01-31,37472.959731751645,1999-12-02,2000-02-23
Hannah,2001,144,2000-11-08,2001-03-31,42078.989054057995,2000-12-29,2000-12-29,40258.01354461943,2000-12-26,2001-01-01,39299.04150788422,2001-01-09,2001-01-22,38997.80140056115,2000-12-28,2001-01-17,39170.806242130035,2000-12-26,2001-01-22,38958.548532566376,2000-12-25,2001-01-28,38815.05201986845,2000-12-23,2001-02-02,38630.5669605199,2000-12-16,2001-02-02,38457.048590589235,2000-12-16,2001-02-09,38255.12424781116,2000-12-15,2001-02-15,38272.330266591984,2000-12-25,2001-03-04,38222.22299761327,2000-12-20,2001-03-06,38134.604346440676,2000-12-13,2001-03-06
Hannah,2002,144,2001-11-08,2002-03-31,42452.083063136,2002-01-02,2002-01-02,40342.372541667006,2001-12-29,2002-01-04,39721.042756957715,2001-12-22,2002-01-04,39367.02376890824,2001-12-20,2002-01-09,39150.204765543465,2001-12-14,2002-01-10,38924.599966035494,2001-12-09,2002-01-12,38586.74876747698,2001-12-08,2002-01-18,38293.108477581285,2001-12-02,2002-01-19,38014.27644497754,2001-12-02,2002-01-26,37768.59302432714,2001-11-25,2002-01-26,37609.60889466559,2001-11-13,2002-01-21,37473.15244856982,2001-11-08,2002-01-23,37329.47353528879,2001-11-08,2002-01-30
Hannah,2003,144,2002-11-08,2003-03-31,42017.403084624006,2003-01-07,2003-01-07,40186.825941597424,2003-01-06,2003-01-12,39110.81807630307,2003-01-03,2003-01-16,38350.05369037933,2003-01-03,2003-01-23,38089.01462695482,2003-01-28,2003-02-24,38139.94882691797,2003-01-03,2003-02-06,37973.58723373298,2002-12-07,2003-01-17,38099.6052732523,2003-01-03,2003-02-20,37968.16270219254,2002-12-31,2003-02-24,37805.37641130387,2002-12-07,2003-02-07,37800.15163423342,2002-12-12,2003-02-19,37868.19983871323,2002-12-08,2003-02-22,37765.38733802524,2002-12-04,2003-02-25
Hannah,2004,145,2003-11-08,2004-03-31,41167.973174932,2004-01-28,2004-01-28,39012.91569833386,2004-02-25,2004-03-02,38472.89495347914,2004-02-19,2004-03-03,38129.23293378962,2003-12-15,2004-01-04,37965.30453177736,2003-12-08,2004-01-04,37782.068149976316,2003-12-06,2004-01-09,37708.844763000714,2003-12-08,2004-01-18,37686.28089597119,2003-12-14,2004-01-31,37669.86430888743,2003-12-07,2004-01-31,37518.33058489122,2003-12-01,2004-02-01,37447.49469294708,2003-11-24,2004-02-01,37375.68346274266,2003-12-18,2004-03-03,37385.27438294011,2003-12-10,2004-03-02
Hannah,2005,144,2004-11-08,2005-03-31,40674.64461298,2005-02-23,2005-02-23,38945.967093647574,2005-02-22,2005-02-28,38811.74853028393,2005-02-20,2005-03-05,38399.31071929938,2005-02-15,2005-03-07,38020.20518984068,2005-02-13,2005-03-12,37711.67189777103,2005-02-07,2005-03-13,37672.373959559074,2005-01-24,2005-03-06,37656.003623945246,2005-01-18,2005-03-07,37548.395763304645,2005-01-12,2005-03-08,37429.96405197506,2005-01-11,2005-03-14,37422.88090787804,2004-12-25,2005-03-04,37465.652979083,2004-12-20,2005-03-06,37453.8658445909,2004-12-16,2005-03-09
Hannah,2006,144,2005-11-08,2006-03-31,41975.991525782,2005-12-29,2005-12-29,39205.86636349615,2006-01-28,2006-02-03,38816.579992230356,2005-11-17,2005-11-30,38457.4901397951,2006-01-22,2006-02-11,38239.85545714246,2005-12-17,2006-01-13,38108.24790016586,2005-12-27,2006-01-30,38221.04428221036,2005-12-26,2006-02-05,38164.03115351496,2005-12-25,2006-02-11,38169.60555913536,2005-11-18,2006-01-12,38049.84904658506,2005-11-16,2006-01-17,38028.83045933774,2005-12-27,2006-03-06,38090.43761181289,2005-11-19,2006-02-03,38077.492318027704,2005-11-18,2006-02-09
Hannah,2007,144,2006-11-08,2007-03-31,40859.55419970699,2007-02-07,2007-02-07,38619.24537492586,2007-02-05,2007-02-11,37910.53428266886,2006-12-19,2007-01-01,37713.758320610956,2007-01-22,2007-02-11,37424.16123851954,2007-01-20,2007-02-16,37118.614419862395,2007-01-14,2007-02-17,37021.0753538815,2006-12-18,2007-01-28,37018.93866933531,2006-12-23,2007-02-09,37155.78795887432,2006-12-19,2007-02-12,37085.714862694294,2006-12-15,2007-02-15,37006.515994917776,2006-12-08,2007-02-15,36883.28138496095,2006-12-05,2007-02-19,36743.25171722685,2006-12-02,2007-02-23
Hannah,2008,145,2007-11-08,2008-03-31,41453.79109427801,2007-12-20,2007-12-20,39658.54749936914,2007-12-16,2007-12-22,39127.83192916436,2007-12-12,2007-12-25,38451.347967442765,2007-12-09,2007-12-29,38231.36699161028,2007-12-11,2008-01-07,38055.45264958935,2007-12-10,2008-01-13,37828.719704132694,2007-12-07,2008-01-17,37544.339536973086,2007-12-01,2008-01-18,37453.98152682149,2007-12-11,2008-02-04,37374.002209831335,2007-11-15,2008-01-16,37370.9999021158,2007-12-13,2008-02-20,37342.79796105628,2007-12-08,2008-02-22,37219.525370235955,2007-12-01,2008-02-22
Hannah,2009,144,2008-11-08,2009-03-31,43064.489049704,2009-01-06,2009-01-06,40690.25039662544,2009-01-04,2009-01-10,40340.36852647387,2008-12-29,2009-01-11,39626.250565791284,2008-12-26,2009-01-15,39157.69825327,2008-12-27,2009-01-23,38926.158350876,2008-12-30,2009-02-02,39053.31940896462,2008-12-30,2009-02-09,39049.350146147735,2008-12-27,2009-02-13,38789.35895976642,2008-12-25,2009-02-18,38635.688179019584,2008-12-12,2009-02-12,38675.70502209236,2008-12-05,2009-02-12,38704.66608569238,2008-11-29,2009-02-13,38612.51443818749,2008-11-23,2009-02-14
Hannah,2010,144,2009-11-08,2010-03-31,43990.796711040006,2010-01-07,2010-01-07,41673.747047922436,2010-01-04,2010-01-10,41064.37959640857,2010-01-01,2010-01-14,40601.53538165357,2009-12-23,2010-01-12,40603.1547921356,2009-12-18,2010-01-14,40226.047153198284,2009-12-14,2010-01-17,39862.55648135081,2009-12-16,2010-01-26,39724.69243145908,2009-12-17,2010-02-03,39536.86081515006,2009-12-17,2010-02-10,39448.67773018148,2009-12-16,2010-02-16,39393.155139585775,2009-12-16,2010-02-23,39236.19207809223,2009-12-12,2010-02-26,39092.363542483945,2009-12-15,2010-03-08
Hannah,2011,144,2010-11-08,2011-03-31,43691.610609392,2010-12-07,2010-12-07,42272.81553524658,2010-12-20,2010-12-26,41332.42011595929,2010-12-15,2010-12-28,41022.188784856764,2010-12-06,2010-12-26,41093.807846863,2010-11-29,2010-12-26,40865.12343493766,2010-11-25,2010-12-29,40499.46055913464,2010-11-25,2011-01-05,40235.520077337904,2010-11-24,2011-01-11,39837.75756991811,2010-11-18,2011-01-12,39554.68339534972,2010-11-24,2011-01-25,39496.533825454455,2010-11-24,2011-02-01,39309.136093199166,2010-11-20,2011-02-04,39099.75769522082,2010-11-14,2011-02-05
Hannah,2012,145,2011-11-08,2012-03-31,42264.17901434,2012-02-08,2012-02-08,40249.09137394557,2012-02-02,2012-02-08,39980.85578783207,2012-01-31,2012-02-13,39249.06019429496,2012-01-26,2012-02-15,38756.69869726454,2012-01-16,2012-02-12,38579.384996765686,2012-01-13,2012-02-16,38205.87370136322,2012-01-10,2012-02-20,37986.68510220262,2012-01-02,2012-02-19,37755.608046855785,2011-12-28,2012-02-21,37807.188390614116,2011-12-14,2012-02-14,37820.37622583868,2011-12-07,2012-02-14,37755.30508018107,2011-12-05,2012-02-19,37632.486549268324,2011-11-30,2012-02-21
Hannah,2013,144,2012-11-08,2013-03-31,42378.478275978,2013-01-22,2013-01-22,40810.27647920071,2013-01-16,2013-01-22,40286.70937835235,2013-01-13,2013-01-26,39419.399520054285,2013-01-10,2013-01-30,38941.57575970358,2013-01-12,2013-02-08,38827.648552684775,2013-01-10,2013-02-13,38704.59365312794,2013-01-14,2013-02-24,38639.506140005,2013-01-11,2013-02-28,38441.516850493805,2013-01-09,2013-03-05,38303.48325577777,2013-01-11,2013-03-14,38184.286257784384,2013-01-12,2013-03-22,38188.64451193331,2013-01-12,2013-03-29,38103.024754906524,2012-12-04,2013-02-25
Hannah,2014,144,2013-11-08,2014-03-31,39449.722638012005,2013-11-19,2013-11-19,37832.32733520629,2013-11-19,2013-11-25,37570.49087844736,2014-01-23,2014-02-05,37448.72160171591,2014-01-24,2014-02-13,37423.52030263211,2014-01-20,2014-02-16,37365.40861460555,2014-01-12,2014-02-15,37276.29987603688,2013-12-25,2014-02-04,37258.884730080084,2013-12-28,2014-02-14,37274.56433821948,2013-12-22,2014-02-15,37215.922302458144,2013-12-17,2014-02-17,37131.34591222477,2013-12-10,2014-02-17,37140.31477265603,2013-11-19,2014-02-03,37138.279199652316,2013-11-19,2014-02-10
Hannah,2015,144,2014-11-08,2015-03-31,41159.159165396006,2015-01-20,2015-01-20,39282.21801972443,2015-02-01,2015-02-07,38846.298718398924,2015-01-28,2015-02-10,38906.389100392335,2015-01-19,2015-02-08,38716.62611135371,2015-01-16,2015-02-12,38418.97899165217,2015-01-14,2015-02-17,38336.63642157998,2014-12-29,2015-02-08,38295.70780698366,2014-12-26,2015-02-12,38134.83496657178,2014-12-25,2015-02-18,38018.66118654619,2014-12-24,2015-02-24,37969.519221254195,2014-12-05,2015-02-12,37890.71038085447,2014-12-03,2015-02-17,37830.810804002525,2014-12-03,2015-02-24
Hannah,2016,145,2015-11-08,2016-03-31,41007.82752644,2016-01-20,2016-01-20,39119.81452681343,2016-01-15,2016-01-21,38487.437794307145,2016-01-10,2016-01-23,37878.08448885771,2016-01-03,2016-01-23,37406.20129063846,2016-01-01,2016-01-28,37257.83140292386,2016-01-13,2016-02-16,37323.04198724938,2016-01-09,2016-02-19,37244.561429207184,2016-01-12,2016-02-29,37239.104670575,2016-01-07,2016-03-02,37215.6319048446,2016-01-07,2016-03-09,37121.13610150209,2016-01-01,2016-03-10,36996.01745593182,2015-12-31,2016-03-16,36845.43413636115,2015-12-28,2016-03-20
Hannah,2017,144,2016-11-08,2017-03-31,41546.03514893999,2017-01-26,2017-01-26,39090.602099951146,2017-01-21,2017-01-27,38481.82291271664,2017-01-17,2017-01-30,38184.53031258733,2017-01-11,2017-01-31,38162.209579224895,2017-01-02,2017-01-29,38087.327928101346,2016-12-27,2017-01-30,37899.064025335,2017-01-02,2017-02-12,37897.14352935808,2016-12-27,2017-02-13,37778.84335194097,2016-12-21,2017-02-14,37617.980687147814,2016-12-17,2017-02-17,37433.9434293972,2016-11-23,2017-01-31,37459.09760261882,2016-11-29,2017-02-13,37434.33852445652,2016-11-23,2017-02-14
Hannah,2018,144,2017-11-08,2018-03-31,43099.75826104,2018-03-01,2018-03-01,40286.27176334686,2018-02-26,2018-03-04,39055.51146064672,2018-02-22,2018-03-07,38486.501218316094,2018-02-11,2018-03-03,38541.84634122282,2018-02-05,2018-03-04,38344.668583797,2018-01-31,2018-03-06,38065.197080508384,2018-01-25,2018-03-07,38065.82299673235,2018-01-16,2018-03-05,38052.58213224898,2018-01-07,2018-03-03,38007.44402658576,2018-01-01,2018-03-04,37979.94217041187,2017-12-27,2018-03-06,37848.521905172085,2017-12-23,2018-03-09,37975.067254731795,2017-12-10,2018-03-03
Hannah,2019,144,2018-11-08,2019-03-31,41338.868336536,2019-01-23,2019-01-23,39381.31694068743,2019-01-28,2019-02-03,38938.13643298957,2019-01-21,2019-02-03,38637.859470161624,2019-01-17,2019-02-06,38226.91979524571,2019-01-09,2019-02-05,38067.74805714346,2019-01-02,2019-02-05,37876.39976836712,2019-01-02,2019-02-12,37620.502106694286,2018-12-24,2019-02-10,37611.8954695007,2018-12-13,2019-02-06,37532.446629145576,2018-12-11,2019-02-11,37391.61355519867,2018-12-08,2019-02-15,37263.57071506107,2018-11-21,2019-02-05,37241.072646660745,2018-11-20,2019-02-11
Hannah,2020,145,2019-11-08,2020-03-31,39811.989109252,2019-12-04,2019-12-04,37876.25857587157,2019-11-29,2019-12-05,37461.91753775636,2019-12-01,2019-12-14,37452.40846521877,2019-11-29,2019-12-19,37280.24702534043,2019-11-29,2019-12-26,37153.48161139534,2019-11-14,2019-12-18,37106.3422447235,2019-11-09,2019-12-20,37054.32390922729,2019-11-09,2019-12-27,37003.681341825504,2019-11-09,2020-01-03,36985.79243334827,2019-11-29,2020-01-30,36921.004881055545,2019-11-13,2020-01-21,36936.212812064325,2019-11-14,2020-01-29,36927.303879367755,2019-11-08,2020-01-30
